genre,star,budget,gross
Action,Leonardo DiCaprio,160000000,836836967
Action,Robert Downey Jr.,200000000,623933331
Mystery,Leonardo DiCaprio,80000000,294805697
Action,Michael Cera,60000000,48917974
Comedy,Adam Sandler,80000000,271457301
Comedy,Jay Baruchel,20000000,49779728
Drama,Natalie Portman,13000000,329398046
Crime,Ben Affleck,37000000,154026136
Comedy,Madeline Carroll,14000000,4324817
Biography,Jesse Eisenberg,40000000,224920375
Action,Russell Crowe,200000000,321669741
Horror,Patrick Wilson,1500000,99557032
Animation,Mandy Moore,260000000,592462816
Action,Bruce Willis,58000000,199006387
Horror,Sarah Butler,2000000,1278650
Action,Noah Ringer,150000000,319713881
Animation,Jay Baruchel,165000000,494879471
Crime,George Clooney,20000000,67876281
Comedy,Sarah Jessica Parker,100000000,290745055
Drama,Cher,55000000,89520336
Adventure,Mia Wasikowska,200000000,1025468216
Animation,Steve Carell,69000000,543113985
Comedy,Jake Gyllenhaal,30000000,102820008
Drama,Jeff Bridges,38000000,252276927
Action,Johnny Depp,100000000,278780441
Action,Kristen Stewart,68000000,698491347
Action,Sam Worthington,125000000,493214993
Action,Denzel Washington,80000000,157107755
Drama,Ryan Gosling,1000000,15440333
Action,Tom Cruise,117000000,261989769
Comedy,Elisabeth Shue,24000000,83188165
Biography,James Franco,18000000,60738797
Action,Sylvester Stallone,80000000,274470394
Action,Will Ferrell,100000000,170458922
Action,Jeff Bridges,170000000,400063852
Comedy,Katherine Heigl,38000000,105734416
Animation,Tom Hanks,200000000,1066970811
Action,Russell Crowe,30000000,67448651
Comedy,Emma Stone,8000000,75026327
Biography,Mark Wahlberg,25000000,129190869
Action,Danny Trejo,10500000,45491656
Drama,Helen Mirren,20000000,45636368
Animation,Will Ferrell,130000000,321885765
Action,Idris Elba,25000000,29397654
Action,Denzel Washington,100000000,167805466
Action,Jackie Chan,40000000,359126022
Biography,Julia Roberts,60000000,204594016
Action,Liam Neeson,110000000,177238796
Comedy,John Cusack,36000000,64780213
Action,Jake Gyllenhaal,200000000,336365676
Animation,Zachary Gordon,15000000,76196538
Action,Adrien Brody,40000000,127233108
Action,Paul Bettany,26000000,67918658
Drama,Robert Pattinson,16000000,56032889
Action,Josh Brolin,47000000,10903312
Action,Angelina Jolie,110000000,293503354
Comedy,Rachel McAdams,40000000,60040976
Drama,Jennifer Lawrence,2000000,13796834
Crime,Jackie Earle Haley,35000000,115695182
Action,Chris Brown,32000000,80205382
Adventure,Jim Sturgess,30000000,24172201
Action,Katherine Heigl,75000000,98159963
Comedy,Robert Downey Jr.,65000000,211780824
Horror,Chris Messina,10000000,62695489
Action,Dwayne Johnson,24000000,35626958
Action,Rainn Wilson,2500000,422618
Comedy,Keir Gilchrist,8000000,6491240
Horror,Radha Mitchell,20000000,54806823
Animation,Mike Myers,165000000,752600867
Adventure,Ben Barnes,155000000,415686217
Comedy,Annette Bening,4000000,34758951
Comedy,Steve Carell,55000000,152263880
Comedy,Amy Adams,19000000,32686500
Comedy,Ben Stiller,100000000,310650585
Biography,Kristen Stewart,10000000,4681651
Action,Nicolas Cage,150000000,215283742
Action,Will Forte,10000000,9322895
Action,Eric Balfour,10000000,66984887
Comedy,Joey King,15000000,27293743
Comedy,Julia Roberts,52000000,216485654
Adventure,Amanda Seyfried,30000000,79628830
Drama,Channing Tatum,25000000,114984666
Comedy,Jonah Hill,40000000,91720255
Comedy,Steve Carell,69000000,86855739
Comedy,Reese Witherspoon,120000000,48668907
Adventure,Jack Black,112000000,237382724
Comedy,Dwayne Johnson,48000000,112462508
Comedy,Jennifer Aniston,19000000,49843011
Drama,Sharni Vinson,30000000,159291809
Drama,Shia LaBeouf,70000000,134748021
Drama,Miley Cyrus,20000000,89137047
Action,Bruce Willis,30000000,55611001
Comedy,Kristen Bell,20000000,32054369
Action,Jennifer Aniston,40000000,136333522
Comedy,Kristen Bell,55000000,43053376
Comedy,Drew Barrymore,32000000,42059111
Comedy,Stephen Dorff,7000000,14788642
Biography,Diane Lane,35000000,60321861
Comedy,Chris Rock,21000000,49050886
Action,Jackie Chan,28000000,66166000
Drama,Matt Damon,50000000,106956330
Action,Jude Law,32000000,18409891
Comedy,Jenn Proske,20000000,80547866
Action,Chace Crawford,5000000,2648195
Comedy,Ewan McGregor,3200000,14311701
Animation,Jim Sturgess,80000000,140073390
Drama,Nicole Kidman,5000000,5144717
Adventure,Michelle Williams,2000000,1205257
Crime,Clive Owen,4000000,595802
Drama,Ben Affleck,15000000,8087000
Comedy,John C. Reilly,7000000,9933873
Horror,Katie Featherston,3000000,177512032
Drama,Edward Norton,22000000,10300416
Comedy,Janet Jackson,20000000,60673972
Comedy,Juno Temple,4000000,143485
Crime,Colin Farrell,25000000,8307227
Biography,Naomi Watts,22000000,25806953
Comedy,Jennifer Lopez,35000000,77477008
Fantasy,Katie Holmes,25000000,38269529
Drama,Garrett Hedlund,15000000,20529194
Drama,Zac Efron,44000000,48190704
Drama,Connor Paolo,650000,405380
Horror,Hayden Christensen,10000000,1671196
Comedy,Anthony Hopkins,22000000,36015260
Crime,Robin Wright,25000000,15625544
Comedy,Helen Mirren,20000000,405861
Comedy,Keanu Reeves,12000000,2169799
Drama,Brendan Fraser,31000000,15134293
Animation,Dan Aykroyd,80000000,203509374
Horror,Max Thieriot,25000000,21500813
Action,Danielle Harris,800000,156190
Drama,Joseph Gordon-Levitt,7000000,449702
Drama,Janet Jackson,21000000,37981984
Comedy,David Hyde Pierce,500000,453708
Drama,Mickey Rourke,8000000,25603
Drama,Will Ferrell,5000000,2820490
Action,Chris Evans,140000000,370569774
Action,Chris Hemsworth,150000000,449326618
Drama,Michael Shannon,5000000,3741098
Comedy,Kristen Wiig,32500000,288383523
Action,Vin Diesel,125000000,626137675
Biography,Brad Pitt,50000000,110206216
Crime,Daniel Craig,90000000,232617430
Comedy,Adam Sandler,80000000,214945591
Crime,Ryan Gosling,15000000,77187281
Action,Ryan Reynolds,200000000,219851172
Horror,Kristen Connolly,30000000,69935600
Drama,Emma Stone,25000000,216639112
Comedy,Steve Carell,50000000,145051197
Comedy,Natalie Portman,25000000,149228077
Action,Johnny Depp,250000000,1045713802
Action,Emily Browning,82000000,89792502
Action,Tom Hardy,25000000,23308615
Animation,Jack Black,150000000,665692281
Comedy,Mila Kunis,35000000,149542245
Action,Henry Cavill,75000000,226904017
Action,James McAvoy,160000000,352616690
Comedy,Cameron Diaz,20000000,216197492
Action,Justin Timberlake,40000000,173930596
Drama,Anne Hathaway,15000000,59389433
Horror,Neve Campbell,40000000,97231420
Action,Tom Cruise,145000000,694713380
Mystery,Elle Fanning,50000000,260095986
Sci-Fi,Bradley Cooper,27000000,161849455
Action,Shia LaBeouf,195000000,1123794079
Action,Daniel Craig,163000000,174822325
Adventure,Kristen Stewart,110000000,712205856
Action,Jason Momoa,90000000,63523283
Animation,Owen Wilson,200000000,559852396
Animation,Johnny Depp,135000000,245724603
Action,Jake Gyllenhaal,32000000,147332697
Action,Hugh Jackman,110000000,299268508
Comedy,Jason Bateman,35000000,209838559
Animation,Jesse Eisenberg,90000000,483866518
Action,Robert Downey Jr.,125000000,543848418
Action,Logan Lerman,75000000,132274484
Action,Eddie Murphy,75000000,152930623
Adventure,Simon Pegg,40000000,97984015
Comedy,Matt Damon,50000000,120081841
Action,James Franco,93000000,481800873
Adventure,Danny McBride,49900000,28013733
Crime,Matthew McConaughey,40000000,86752352
Comedy,Tom Hanks,30000000,75055070
Action,Taylor Lautner,35000000,82087155
Romance,Matt Damon,50200000,127869379
Drama,Brad Pitt,32000000,58409247
Crime,Matthew McConaughey,11000000,4633668
Biography,Ray Stevenson,12000000,1188194
Action,Jeremy Irvine,66000000,177584879
Comedy,Jason Bateman,52000000,75450437
Drama,Zachary Quinto,3500000,19504039
Action,Saoirse Ronan,30000000,63782078
Comedy,Joseph Gordon-Levitt,8000000,41097853
Comedy,George Clooney,20000000,177243185
Animation,Jamie Bell,135000000,373993951
Action,Emile Hirsch,30000000,64626786
Action,Nicholas D'Agosto,40000000,157887643
Action,Alex Pettyfer,60000000,149878437
Comedy,Kenny Wormald,24000000,63543328
Horror,Sharni Vinson,1000000,26895481
Action,Nicolas Cage,50000000,40909909
Comedy,Adam Sandler,79000000,149673788
Comedy,Kevin James,80000000,169852759
Comedy,Bradley Cooper,80000000,586764305
Comedy,Owen Wilson,36000000,86157237
Action,Liam Neeson,25000000,79781695
Comedy,Jonah Hill,25000000,34942188
Comedy,Topher Grace,23000000,7550073
Action,Jason Statham,40000000,76130093
Action,Nicolas Cage,57000000,132563930
Action,Aaron Eckhart,70000000,211819354
Action,Seth Rogen,120000000,227817248
Horror,Sara Paxton,25000000,41363927
Biography,Leonardo DiCaprio,35000000,84920539
Drama,Daniel Craig,50000000,39984400
Adventure,Amy Adams,45000000,165184237
Animation,Hank Azaria,110000000,563749323
Drama,Paul Giamatti,12500000,76338111
Comedy,Anton Yelchin,30000000,41002607
Biography,AnnaSophia Robb,18000000,47120948
Drama,Robert Pattinson,38000000,117094902
Comedy,Ginnifer Goodwin,35000000,65100369
Action,Paul Bettany,60000000,78309505
Comedy,Nick Swardson,10000000,2530394
Animation,Zachary Gordon,21000000,72526996
Comedy,Charlize Theron,12000000,22939027
Drama,Brit Marling,100000,1938783
Drama,Felicity Jones,250000,3852409
Comedy,Anna Faris,20000000,30426096
Animation,Antonio Banderas,130000000,554987477
Drama,Alex Pettyfer,17000000,43202283
Biography,Jack Black,5000000,10173061
Action,Nicolas Cage,40000000,91627228
Drama,Elizabeth Olsen,2000000,16527747
Animation,Jim Cummings,30000000,49871429
Comedy,Johnny Depp,45000000,30134958
Animation,Jessica Alba,27000000,85564310
Drama,Lauren German,3000000,145676
Fantasy,Amanda Seyfried,42000000,90260376
Drama,Minka Kelly,16000000,40492652
Drama,Colin O'Donoghue,37000000,96560591
Comedy,Sarah Jessica Parker,56000000,142044638
Drama,Christopher Denham,135000,424088
Adventure,Thomas Horn,40000000,55247881
Animation,Justin Long,75000000,342695435
Comedy,Paul Rudd,5000000,25804448
Action,Rhys Wakefield,30000000,108609310
Comedy,Owen Wilson,41000000,8179416
Action,James Marsden,25000000,11168712
Action,Michael Parks,4000000,1874460
Crime,Nicolas Cage,35000000,10117966
Action,Gerard Butler,30000000,3338690
Action,Jesse Eisenberg,28000000,40662632
Comedy,Mark Duplass,125000,3242802
Comedy,Jim Carrey,55000000,187361754
Drama,Alex Kendrick,2000000,35185884
Horror,Warren Christie,5000000,26236153
Animation,Russell Brand,63000000,183954145
Drama,Taylor Schilling,20000000,4627375
Drama,Mel Gibson,21000000,7294800
Action,Martin Lawrence,32000000,82686066
Comedy,Vince Vaughn,70000000,69721966
Action,Robert Downey Jr.,220000000,1518815515
Drama,Jamie Foxx,100000000,426074373
Action,Jennifer Lawrence,78000000,694394724
Comedy,Anna Kendrick,17000000,115350426
Comedy,Paul Rudd,35000000,88215156
Adventure,Noomi Rapace,130000000,403354469
Comedy,Jared Gilman,16000000,68264022
Biography,Ben Affleck,44500000,232325503
Adventure,Kristen Stewart,120000000,829747654
Action,Tom Cruise,60000000,218340595
Drama,Jessica Chastain,40000000,132820716
Action,Tom Hanks,102000000,130482868
Drama,Logan Lerman,13000000,33384127
Action,Andrew Garfield,230000000,757930663
Comedy,Bradley Cooper,21000000,236412453
Action,Kristen Stewart,170000000,396592829
Drama,Philip Seymour Hoffman,32000000,28258060
Action,Joseph Gordon-Levitt,30000000,176506819
Crime,Brad Pitt,15000000,37930465
Drama,Denzel Washington,31000000,161772375
Action,Jonah Hill,42000000,201585328
Comedy,Mark Wahlberg,50000000,549368315
Horror,Ethan Hawke,3000000,82515113
Action,Reese Witherspoon,65000000,156491279
Comedy,Adam Sandler,70000000,57719093
Biography,Daniel Day-Lewis,65000000,275293450
Animation,Kelly Macdonald,185000000,538983207
Crime,Ryan Gosling,15000000,47052899
Comedy,Johnny Depp,150000000,245527149
Action,Taylor Kitsch,250000000,284139100
Action,Alexander Skarsgård,209000000,303025485
Comedy,Channing Tatum,7000000,167739961
Animation,Adam Sandler,85000000,358375603
Crime,Tom Hardy,26000000,55404207
Crime,Vanessa Hudgens,5000000,32170399
Action,Kate Beckinsale,70000000,160112671
Comedy,Danielle Panabaker,5000000,8518634
Adventure,Steve Carell,10000000,11681781
Action,Jeremy Renner,125000000,276144750
Action,Benjamin Walker,69000000,116471580
Animation,John C. Reilly,165000000,471222889
Action,Colin Farrell,125000000,198467168
Comedy,Thomas Mann,12000000,102731865
Comedy,Jason Biggs,50000000,234989584
Crime,Aaron Taylor-Johnson,45000000,82966152
Adventure,Suraj Sharma,120000000,609016565
Action,Will Smith,225000000,624026776
Action,Josh Hutcherson,79000000,335260290
Comedy,Julianne Hough,75000000,59418613
Comedy,Sacha Baron Cohen,65000000,179379533
Comedy,Ben Stiller,68000000,68267862
Action,Sylvester Stallone,100000000,314975955
Comedy,Aubrey Plaza,750000,4424699
Adventure,Dane DeHaan,12000000,126636097
Action,Chris Hemsworth,65000000,50950296
Action,Jake Gyllenhaal,7000000,55078146
Action,Sam Worthington,150000000,301970083
Drama,Matthew McConaughey,10000000,32613173
Animation,Zac Efron,70000000,348840316
Action,Sam Worthington,42000000,47636031
Animation,Zachary Gordon,22000000,77229695
Drama,Zac Efron,25000000,99357138
Animation,Hugh Jackman,145000000,306941670
Biography,Michael Shannon,10000000,4552970
Animation,Ben Stiller,145000000,746921274
Comedy,Jason Segel,30000000,54169363
Drama,Jennifer Lawrence,10000000,44287131
Biography,John Hawkes,1000000,10656155
Comedy,Sean Hayes,30000000,54819301
Comedy,Chris Brown,12000000,96070507
Drama,Rachel McAdams,30000000,196114570
Crime,Ann Dowd,270000,592116
Drama,Robert Redford,2000000,20014680
Action,Dax Shepard,2000000,16816647
Action,Alex Veadov,12000000,82499399
Action,Sylvester Stallone,45000000,21947209
Comedy,Miley Cyrus,11000000,10578643
Comedy,Dylan O'Brien,2000000,92654
Animation,Ray Romano,95000000,877244782
Horror,Luke Evans,2900000,1048704
Adventure,Lily Collins,85000000,183018522
Drama,Ashley Hinshaw,2500000,8315
Biography,Anthony Hopkins,15700000,27039669
Horror,Sheri Moon Zombie,1500000,1544989
Drama,Kathryn McCormick,33000000,140470746
Comedy,Paul Dano,8000000,9368803
Crime,Matthew McConaughey,12500000,3783865
Horror,Natasha Calis,14000000,85446075
Action,Jason Statham,30000000,41564670
Comedy,Juno Temple,900000,245027
Action,Tyler Perry,35000000,34618867
Comedy,Cameron Diaz,40000000,84384002
Drama,Clint Eastwood,30000000,48963137
Action,Kevin James,42000000,73100172
Horror,Josh Stewart,7500000,9929706
Animation,Kodi Smit-McPhee,60000000,107139399
Action,Mark Wahlberg,25000000,96262212
Drama,Richard Gere,12000000,35485056
Action,Russell Crowe,15000000,20546518
Comedy,Will Ferrell,95000000,104907746
Animation,Winona Ryder,39000000,81493846
Comedy,Barbra Streisand,40000000,41863726
Comedy,Al Pacino,15000000,5072654
Drama,Bradley Cooper,6000000,15950164
Action,Jean-Claude Van Damme,10000000,1402307
Drama,Matt Damon,15000000,11039031
Adventure,Quvenzhané Wallis,1800000,21107746
Action,Cuba Gooding Jr.,58000000,50365498
Action,Henry Cavill,20000000,16863583
Horror,Ashley Greene,17000000,11350665
Biography,Jonny Weston,20000000,7942116
Action,Katherine Heigl,40000000,38084162
Comedy,Kirsten Dunst,3000000,12128575
Comedy,Rebecca Hall,26350000,1577272
Comedy,Billy Crystal,25000000,119772232
Crime,John Cusack,26000000,29699345
Comedy,Josh Radnor,2000000,1150681
Action,Nicolas Cage,35000000,17415418
Horror,Stephen Dunham,5000000,142802657
Comedy,Gerard Butler,35000000,30962335
Comedy,Jennifer Garner,25000000,56012642
Action,Joseph Gordon-Levitt,35000000,31083599
Drama,John Magaro,20000000,636399
Drama,Jason Bateman,10000000,3428048
Horror,Jesse McCartney,1000000,38390020
Comedy,Meryl Streep,30000000,114281051
Comedy,Chris Pine,16000000,12558931
Comedy,Alicia Silverstone,16000000,92748
Comedy,Eddie Murphy,40000000,22044277
Animation,Brendan Fraser,40000000,74939189
Comedy,Ari Graynor,850000,1386088
Biography,Drew Barrymore,40000000,24740061
Drama,Julianne Moore,6000000,2711379
Horror,Fernanda Andrade,1000000,101758490
Adventure,Victoria Justice,14000000,11417362
Comedy,Peter Sarsgaard,2500000,4806423
Biography,Leonardo DiCaprio,100000000,392000694
Action,Robert Downey Jr.,200000000,1214811252
Horror,Patrick Wilson,20000000,320290989
Crime,Hugh Jackman,46000000,122126687
Action,Chris Hemsworth,170000000,644783140
Horror,Ethan Hawke,3000000,89328627
Comedy,Adam Sandler,80000000,246984278
Action,Vin Diesel,160000000,788680968
Action,Henry Cavill,225000000,668045518
Drama,Joaquin Phoenix,23000000,48517427
Comedy,Jason Sudeikis,37000000,269994119
Animation,Kristen Bell,150000000,1281508100
Crime,Christian Bale,40000000,251171807
Adventure,Lorenza Izzo,5000000,12666449
Animation,Billy Crystal,200000000,743559645
Comedy,Joseph Gordon-Levitt,3000000,39439355
Crime,Jesse Eisenberg,75000000,351723989
Action,Tom Cruise,120000000,286168572
Comedy,Jason Bateman,35000000,173965010
Action,Chris Pine,190000000,467365246
Action,Jennifer Lawrence,130000000,865011746
Action,Jason Statham,22000000,48449416
Comedy,Emma Stone,6000000,32443111
Action,Brad Pitt,190000000,540455876
Biography,Chiwetel Ejiofor,20000000,187733202
Action,Dwayne Johnson,130000000,375740705
Biography,Matthew McConaughey,5000000,55736588
Adventure,Ben Stiller,90000000,188133322
Action,Idris Elba,190000000,411002906
Animation,Nicolas Cage,135000000,587205319
Comedy,James Franco,32000000,126041322
Comedy,Steve Carell,5000000,26474920
Comedy,Vince Vaughn,58000000,93492844
Action,Matt Damon,115000000,286140700
Action,Jeremy Renner,50000000,226349749
Adventure,Tom Hanks,55000000,218791811
Horror,Jane Levy,17000000,97542952
Action,Channing Tatum,150000000,205366737
Action,Gerard Butler,70000000,170270201
Action,Mark Wahlberg,40000000,154802912
Adventure,James Franco,215000000,493311825
Action,Mark Wahlberg,26000000,87305549
Action,Josh Brolin,30000000,5186767
Drama,Emily Baldoni,50000,139745
Action,Harrison Ford,110000000,125544024
Comedy,Will Ferrell,50000000,173649931
Action,Lily Collins,60000000,95396573
Action,Bruce Willis,92000000,304654182
Action,Sylvester Stallone,50000000,137328301
Action,Hugh Jackman,120000000,414828246
Horror,Alexandra Daddario,20000000,47340586
Animation,Steve Carell,76000000,970766005
Action,Keanu Reeves,175000000,151783839
Action,Danny Trejo,20000000,17496820
Comedy,Nicholas Hoult,35000000,116980662
Adventure,Logan Lerman,90000000,199850315
Comedy,Cate Blanchett,18000000,99104804
Drama,Julianne Hough,28000000,97594140
Action,Sean Penn,60000000,105200903
Comedy,Meryl Streep,25000000,74188937
Drama,Ethan Hawke,3000000,20994648
Comedy,Keira Knightley,8000000,65652908
Horror,Karen Gillan,5000000,44459951
Action,Jason Statham,35000000,46922566
Crime,Halle Berry,13000000,68572631
Comedy,Simon Rex,20000000,78378744
Action,Ryan Reynolds,130000000,78324220
Comedy,Oscar Isaac,11000000,32960249
Comedy,Aubrey Plaza,1500000,3909596
Drama,Chloë Grace Moretz,30000000,84790678
Action,Johnny Depp,215000000,260502115
Action,Saoirse Ronan,40000000,63365859
Animation,Ryan Reynolds,135000000,282570682
Action,Denzel Washington,61000000,131940411
Comedy,Julia Louis-Dreyfus,8000000,25288872
Crime,Rooney Mara,30000000,63414135
Action,Sandra Bullock,43000000,229930771
Horror,Patrick Wilson,5000000,161919318
Action,Jaden Smith,130000000,243611982
Biography,Forest Whitaker,30000000,177313795
Action,Bruce Willis,84000000,148075565
Action,Colin Farrell,30000000,18074539
Comedy,Miles Teller,2500000,6918591
Biography,Chadwick Boseman,40000000,97470701
Action,Arnold Schwarzenegger,45000000,48330757
Biography,Emma Thompson,35000000,117867984
Drama,Sophie Nélisse,19000000,76586316
Comedy,Bradley Cooper,103000000,362000072
Biography,Amanda Seyfried,10000000,1585583
Biography,Katie Chang,8000000,20045576
Comedy,Jennifer Aniston,12000000,1456675
Drama,Alice Englert,60000000,60052138
Crime,Nicolas Cage,4000000,2431443
Comedy,Vince Vaughn,26000000,53120346
Comedy,Robert De Niro,40000000,44907260
Animation,Carlos Alazraqui,50000000,239258712
Animation,Bill Hader,78000000,274325949
Crime,Macon Blair,420000,993313
Animation,Amanda Seyfried,100000000,268426634
Horror,Keri Russell,3500000,27858103
Adventure,Bruce Dern,12000000,27682872
Drama,Kate Winslet,18000000,20275812
Action,Mark Wahlberg,35000000,34737199
Action,Robert Redford,9000000,13627519
Comedy,Steve Carell,30000000,27437881
Comedy,Robert De Niro,35000000,46522137
Action,Dwayne Johnson,15000000,57824674
Animation,Neil Patrick Harris,105000000,347545360
Comedy,Robert De Niro,28000000,134409025
Biography,Michael B. Jordan,900000,17385830
Comedy,Johnny Knoxville,15000000,151826547
Drama,Lindsay Lohan,250000,270185
Biography,Ashton Kutcher,12000000,42128352
Drama,Marion Cotillard,16000000,5952884
Comedy,Miles Teller,13000000,48065672
Crime,Ben Affleck,30000000,62675095
Comedy,Marlon Wayans,2500000,60159584
Drama,Amy Seimetz,50000,587174
Drama,Zac Efron,10000000,1412181
Drama,Liam Hemsworth,35000000,17056265
Biography,Benedict Cumberbatch,28000000,9058564
Comedy,Jason Bateman,10000000,7804337
Action,Tiger Hu Chen,25000000,5464885
Action,Ethan Hawke,18000000,11806432
Action,Chris Pratt,170000000,773350147
Adventure,Matthew McConaughey,165000000,701729206
Action,Keanu Reeves,20000000,86081711
Action,Tom Cruise,178000000,370541256
Drama,Ben Affleck,61000000,369330363
Action,Chris Evans,170000000,714421503
Adventure,Ralph Fiennes,25000000,172945750
Drama,Miles Teller,3300000,49396747
Action,Shailene Woodley,85000000,288885818
Crime,Jake Gyllenhaal,8500000,47398992
Action,Denzel Washington,55000000,192330738
Action,Dylan O'Brien,34000000,348319861
Adventure,Jon Favreau,11000000,48428048
Action,Brad Pitt,68000000,211822697
Action,Patrick Stewart,200000000,746045700
Action,Frank Grillo,9000000,111928365
Comedy,Michael Keaton,18000000,103215094
Horror,Maika Monroe,1000000,21947454
Comedy,Adam Sandler,40000000,127994610
Action,Dwayne Johnson,100000000,244819862
Crime,Robert Downey Jr.,50000000,84419388
Comedy,Quvenzhané Wallis,65000000,136853506
Action,Aaron Taylor-Johnson,160000000,524976069
Drama,Brenton Thwaites,25000000,66980456
Action,Sullivan Stapleton,110000000,337580051
Action,Bradley Cooper,58800000,547426372
Animation,Ryan Potter,165000000,657869686
Action,Andrew Garfield,200000000,708982323
Action,Angelina Jolie,180000000,758411779
Adventure,Anna Kendrick,50000000,212902372
Action,Jack O'Connell,65000000,161459297
Animation,Chris Pratt,60000000,468060692
Action,Jennifer Lawrence,125000000,755356711
Drama,Shailene Woodley,12000000,307166834
Horror,Perdita Weeks,5000000,41898409
Horror,Ward Horton,6500000,257579282
Drama,Ellar Coltrane,4000000,48137666
Action,James Franco,44000000,11782625
Crime,Tom Hardy,12600000,18658381
Action,Mark Wahlberg,210000000,1104054072
Comedy,Joaquin Phoenix,20000000,14710975
Comedy,Seth Rogen,18000000,270665134
Comedy,Jason Segel,40000000,126069509
Comedy,Cameron Diaz,40000000,196710396
Adventure,Reese Witherspoon,15000000,52501541
Biography,Steve Carell,24000000,19206513
Action,Dan Stevens,5000000,2700051
Action,Megan Fox,125000000,485004754
Action,Joel Kinnaman,100000000,242688965
Action,Channing Tatum,50000000,331333876
Action,Gary Oldman,170000000,710644566
Action,Mickey Rourke,65000000,39407616
Action,Zoey Deutch,30000000,15642346
Comedy,George Clooney,70000000,156706638
Drama,Rose Leslie,1000000,24343
Comedy,Jim Carrey,40000000,169837010
Animation,Jay Baruchel,145000000,621537519
Action,Russell Crowe,125000000,359200044
Action,Liam Neeson,28000000,58834384
Action,Aaron Paul,66000000,203277636
Animation,Jesse Eisenberg,103000000,498781117
Action,Ben Barnes,95000000,114178613
Comedy,Seth MacFarlane,40000000,87189756
Action,Arnold Schwarzenegger,35000000,22126842
Drama,James Marsden,26000000,38609668
Comedy,Jason Bateman,42000000,107645357
Comedy,Jason Bateman,19800000,41296320
Action,Richard Armitage,50000000,161502194
Animation,Tom McGrath,132000000,373515621
Action,Chris Pine,60000000,135503748
Animation,Diego Luna,50000000,99783556
Action,Pierce Brosnan,15000000,39661919
Action,Luke Evans,70000000,217124280
Horror,Heather Sossaman,1000000,62882090
Drama,Michael Pitt,1000000,481234
Drama,Gabriella Wilde,20000000,34718173
Action,Eric Bana,30000000,87937815
Action,Ice Cube,25000000,154468902
Comedy,Zac Efron,8000000,45640143
Drama,Tommy Lee Jones,16000000,3819421
Comedy,Kaitlyn Dever,16000000,1705908
Action,Jake Johnson,17000000,138224951
Action,Oscar Isaac,20000000,12007070
Horror,Andy Powers,1500000,4381603
Drama,Brenton Thwaites,4000000,2595622
Comedy,Helen Mirren,22000000,89514453
Drama,Gugu Mbatha-Raw,7000000,14618727
Drama,Chloë Grace Moretz,11000000,78274843
Drama,Julianne Moore,5000000,44779195
Action,Kevin Costner,28000000,53260230
Biography,John Cusack,10000000,28641776
Biography,Amy Adams,10000000,29253166
Drama,Sharon Leal,5000000,17534314
Crime,Kristen Bell,6000000,3485383
Biography,Jon Hamm,25000000,38483455
Comedy,Mark Duplass,100000,596933
Biography,John Lloyd Young,40000000,67647013
Drama,Kevin Costner,25000000,29824199
Comedy,Michael Douglas,18000000,25419147
Comedy,Marlon Wayans,4000000,25358716
Crime,Mark Wahlberg,25000000,39280992
Drama,Jennifer Aniston,7000000,2433850
Action,Aaron Eckhart,65000000,76801179
Adventure,Ricky Gervais,50000000,80383113
Biography,Tobey Maguire,19000000,5578519
Action,Nicolas Cage,16000000,27405896
Comedy,Steve Carell,28000000,100654149
Comedy,Bill Murray,13000000,54837234
Action,Kellan Lutz,70000000,61279452
Drama,Ryan Guzman,45000000,86165646
Drama,Shane Harper,2000000,64676349
Drama,Colin Farrell,60000000,30800231
Animation,Ty Burrell,145000000,275698039
Comedy,Melissa McCarthy,20000000,100375432
Drama,Christina Hendricks,2000000,615500
Comedy,Colin Firth,16800000,51029361
Comedy,Evan Rachel Wood,6000000,15071
Thriller,Taraji P. Henson,13200000,54323210
Comedy,Zach Braff,6000000,5670776
Horror,Olivia Cooke,5000000,103687316
Biography,Greg Kinnear,12000000,101982712
Comedy,Ben Stiller,10000000,18117839
Comedy,Kevin Hart,24000000,70181428
Animation,Dane Cook,50000000,146965787
Comedy,Chris Rock,12000000,26117471
Drama,Andrew Garfield,8000000,1828232
Drama,Kevin Costner,9000000,21833967
Comedy,Keira Knightley,5000000,2379154
Action,Robert Downey Jr.,250000000,1402809540
Action,Vin Diesel,190000000,1515341399
Crime,Samuel L. Jackson,44000000,156480177
Action,Paul Rudd,130000000,519311965
Drama,Dakota Johnson,40000000,569651467
Action,Emily Blunt,30000000,84872444
Biography,Christian Bale,28000000,133440870
Action,Chris Pratt,150000000,1670516444
Action,Leonardo DiCaprio,135000000,532950503
Animation,Amy Poehler,175000000,858848019
Biography,Mark Ruffalo,20000000,98690254
Action,Jesse Eisenberg,28000000,27262374
Action,Henry Cavill,75000000,107045109
Action,Arnold Schwarzenegger,155000000,440603537
Drama,Lily James,95000000,542358331
Action,Daisy Ridley,245000000,2069521700
Drama,Keanu Reeves,2500000,5567103
Action,Chris Hemsworth,100000000,93920758
Comedy,Melissa Rauch,3500000,615816
Comedy,Robert De Niro,35000000,194564672
Action,Jennifer Lawrence,160000000,658344137
Action,Chris Hemsworth,70000000,19652057
Action,Melissa McCarthy,65000000,235666219
Action,Miles Teller,120000000,167882881
Action,Tom Cruise,150000000,682716636
Horror,Olivia DeJonge,5000000,98450062
Adventure,Ed Helms,31000000,107228221
Drama,Michael B. Jordan,35000000,173567581
Drama,Blake Lively,25000000,65663276
Biography,Johnny Depp,53000000,99775678
Comedy,Will Smith,50100000,158762963
Animation,Jim Parsons,135000000,386041607
Action,Channing Tatum,176000000,183887723
Biography,Tom Hiddleston,13000000,1767963
Animation,Sandra Bullock,74000000,1159444662
Comedy,Anna Kendrick,29000000,287144079
Action,Dwayne Johnson,110000000,473990832
Comedy,Amy Schumer,35000000,140795793
Action,George Clooney,190000000,209035668
Drama,Tom Hanks,40000000,165478348
Action,Shailene Woodley,110000000,297002527
Biography,O'Shea Jackson Jr.,28000000,201634991
Action,Lake Bell,16200000,54418872
Thriller,Jennifer Lopez,4000000,52425855
Action,Dylan O'Brien,61000000,312296056
Action,Vin Diesel,90000000,146936910
Horror,Anton Yelchin,5000000,3769214
Comedy,Bradley Cooper,20000000,36606743
Animation,Jeffrey Wright,200000000,332207671
Drama,Jason Bateman,5000000,58980521
Comedy,Will Ferrell,40000000,111711453
Action,Rupert Friend,35000000,82347656
Comedy,Adrian Grenier,30000000,49263404
Action,Tye Sheridan,15000000,16137046
Biography,Jennifer Lawrence,60000000,101134059
Biography,Zach Galifianakis,25000000,29674699
Action,Ryan Reynolds,26000000,31807156
Comedy,Mark Wahlberg,68000000,215863606
Adventure,Levi Miller,150000000,128388320
Action,Adam Sandler,88000000,244874809
Comedy,Jake Gyllenhaal,10000000,4366460
Comedy,Will Ferrell,50000000,242786137
Action,Liam Neeson,50000000,71561644
Action,Anna Kendrick,8000000,607595
Comedy,Channing Tatum,14800000,117813057
Comedy,Mae Whitman,8500000,43709744
Biography,Bryan Cranston,15000000,11430025
Animation,Adam Sandler,80000000,474800000
Drama,Scott Eastwood,34000000,62944815
Adventure,Jack Black,58000000,158261424
Comedy,Bradley Cooper,37000000,26250020
Comedy,Kevin Hart,23000000,79799880
Comedy,Amy Poehler,30000000,105011053
Crime,Chiwetel Ejiofor,19500000,34854990
Comedy,Joaquin Phoenix,11000000,27391084
Action,Jason Statham,30000000,6738764
Adventure,Nat Wolff,12000000,85512300
Animation,Tom Kenny,74000000,325186032
Drama,Abraham Attah,6000000,90777
Comedy,Thomas Mann,8000000,9074749
Comedy,Bel Powley,2000000,1775133
Action,Joseph Gordon-Levitt,35000000,61181942
Comedy,Kitana Kiki Rodriguez,100000,828874
Adventure,Robert Redford,8000000,37461274
Horror,James Ransone,10000000,53329150
Comedy,Ben Mendelsohn,6000000,422746
Horror,Sam Rockwell,35000000,95437994
Comedy,Susan Sarandon,3200000,5425148
Comedy,Lily Tomlin,600000,7205073
Drama,Amy Landecker,12000000,33213241
Drama,Nicholas Hoult,16000000,2084628
Adventure,Shameik Moore,7000000,17986781
Action,Reese Witherspoon,35000000,51380201
Comedy,Adam Scott,15000000,61548707
Action,Sean Penn,40000000,24177137
Comedy,Joseph Gordon-Levitt,25000000,52395996
Drama,Kate Bosworth,5000000,4842699
Biography,Kevin Costner,17000000,45710059
Animation,Noah Schnapp,99000000,246233113
Comedy,Bill Murray,15000000,3394174
Drama,Matthew McConaughey,25000000,906995
Animation,Jason Lee,90000000,234798636
Horror,Olivia Wilde,3300000,38356892
Comedy,Steve Martin,17000000,42426912
Horror,Reese Mishler,100000,42964410
Crime,Kevin Bacon,800000,143658
Adventure,Aubrey Peeples,5000000,2333684
Action,Kate Mara,2000000,2801508
Comedy,Sandra Bullock,28000000,8527658
Comedy,Vince Vaughn,35000000,14431253
Comedy,Rob Corddry,14000000,13081651
Comedy,Sally Field,1000000,14659448
Comedy,Meryl Streep,18000000,41325328
Biography,Al Pacino,10000000,10835752
Action,Kevin James,30000000,107588225
Drama,Priscilla C. Shirer,3000000,73256266
Comedy,Jennifer Aniston,25000000,48782670
Action,Will Smith,175000000,746846894
Action,Denzel Washington,90000000,162360636
Action,Chris Evans,250000000,1153337496
Action,Ryan Reynolds,58000000,782836791
Action,Benedict Cumberbatch,165000000,677796076
Horror,James McAvoy,9000000,278454417
Crime,Stephen Lang,9900000,157830487
Animation,Auli'i Cravalho,150000000,644411850
Drama,Amy Adams,47000000,203388186
Action,James McAvoy,178000000,543934105
Comedy,Viggo Mortensen,5000000,23123592
Action,Chris Pine,185000000,343471816
Animation,Matthew McConaughey,75000000,634208384
Comedy,Ryan Gosling,30000000,448906865
Drama,Jennifer Lawrence,110000000,303144152
Animation,Ginnifer Goodwin,150000000,1024121104
Action,Chris Hemsworth,115000000,164989338
Action,John Krasinski,50000000,69411370
Drama,Amy Adams,22500000,30311857
Action,Felicity Jones,200000000,1056057720
Action,Ben Affleck,250000000,873637528
Animation,Jack Black,145000000,521170825
Action,Russell Crowe,50000000,62788218
Action,Liam Hemsworth,165000000,389681935
Adventure,Eva Green,110000000,296482446
Action,Milla Jovovich,40000000,312242626
Action,Kevin Costner,31500000,38803993
Action,Kate Beckinsale,35000000,81093313
Action,Blake Lively,17000000,119100758
Biography,Taraji P. Henson,25000000,236225193
Animation,Seth Rogen,19000000,140705322
Crime,Emily Blunt,45000000,173185859
Action,Chris Pine,12000000,37879877
Action,Frank Grillo,10000000,118587880
Action,Melissa McCarthy,144000000,229147509
Action,Ben Affleck,44000000,155160045
Horror,Elle Fanning,7000000,3377430
Drama,Mahershala Ali,4000000,65336603
Action,Matt Damon,120000000,415484914
Drama,Casey Affleck,9000000,78988148
Action,Dwayne Johnson,50000000,216972543
Biography,Jonah Hill,40000000,86234523
Drama,Andrew Garfield,46000000,23834809
Action,Brenton Thwaites,140000000,150680864
Biography,Michael Keaton,25000000,24121245
Action,Tom Hanks,75000000,220021259
Action,Jesse Eisenberg,90000000,334897606
Action,John Goodman,15000000,110216998
Biography,Charlie Hunnam,30000000,19263938
Animation,Ellen DeGeneres,200000000,1028570942
Drama,Teresa Palmer,4900000,148868835
Comedy,Mike Epps,900000,9097072
Comedy,Renée Zellweger,35000000,211952420
Comedy,Dakota Johnson,38000000,112343513
Action,Suki Waterhouse,6000000,201890
Action,Casey Affleck,20000000,23177948
Action,Mark Wahlberg,110000000,121790373
Biography,Tom Hanks,60000000,240797623
Action,Kate Mara,8000000,8809407
Action,Lily James,28000000,16457494
Comedy,Hailee Steinfeld,9000000,19370020
Drama,Dane DeHaan,40000000,26620002
Action,Gerard Butler,60000000,205754447
Comedy,Robert De Niro,25000000,94073028
Comedy,Josh Brolin,22000000,63945241
Action,Chloë Grace Moretz,38000000,109906372
Animation,Anna Kendrick,125000000,346864886
Action,Shailene Woodley,110000000,179246868
Comedy,Paul Dano,3000000,4935501
Action,Matt Damon,150000000,334933831
Comedy,Zac Efron,33000000,77068246
Comedy,Mila Kunis,20000000,183936074
Drama,Will Smith,36000000,88528280
Horror,Lauren Cohan,10000000,73929392
Drama,Denzel Washington,24000000,64414761
Adventure,Mia Wasikowska,170000000,299820798
Animation,Ray Romano,105000000,408754975
Action,Zach Galifianakis,40000000,29918745
Animation,Louis C.K.,75000000,875458631
Comedy,Andy Samberg,20000000,9680029
Comedy,Annette Bening,7000000,7214806
Action,Michael Fassbender,125000000,240697856
Action,Megan Fox,135000000,245623848
Comedy,Blake Jenner,10000000,4644472
Action,Chris Pine,80000000,52099090
Biography,Neal McDonough,9000000,2000620
Horror,John Gallagher Jr.,5000000,11084630
Adventure,Mark Rylance,140000000,195243411
Action,Ben Stiller,50000000,56722693
Drama,Michael Shannon,18000000,6740647
Action,Ben Affleck,108000000,22678555
Action,Emma Roberts,19000000,85251425
Action,Jason Statham,40000000,125729635
Comedy,Zoey Deutch,38000000,118102725
Biography,Jennifer Garner,13000000,73983003
Comedy,Seth Rogen,35000000,108007109
Action,Jack Huston,100000000,94061311
Action,Matthew McConaughey,50000000,25035950
Biography,Natalie Portman,9000000,29777777
Crime,Matthew McConaughey,20000000,14880939
Action,Bryce Dallas Howard,65000000,143695338
Action,Keegan-Michael Key,15000000,20651333
Animation,Andy Samberg,70000000,183388953
Animation,Charlize Theron,60000000,76249438
Comedy,Jesse Eisenberg,30000000,43763247
Action,Joseph Fiennes,20000000,46771565
Comedy,Lily Collins,25000000,3885342
Comedy,Jason Bateman,45000000,114501299
Animation,Kevin Conroy,3500000,4462034
Drama,Elizabeth Reaser,9000000,81705746
Drama,Blake Lively,30000000,678150
Horror,Natalie Dormer,10000000,39712000
Crime,George Clooney,27000000,93282604
Comedy,Sharlto Copley,3800000,1138609
Comedy,Marlon Wayans,5000000,22227514
Comedy,Nia Vardalos,18000000,90632641
Biography,Miles Teller,6000000,6698679
Biography,Tina Fey,35000000,24972139
Comedy,Eddie Murphy,8000000,685780
Action,Ice Cube,40000000,124608438
Horror,Aaron Eckhart,5000000,9037058
Action,Chris Hemsworth,180000000,853983911
Action,Ryan Reynolds,30000000,176600207
Horror,Bill Skarsgård,35000000,701796444
Action,Tom Holland,175000000,880166924
Action,Harrison Ford,150000000,259334548
Action,Chris Pratt,200000000,863756051
Biography,Hugh Jackman,84000000,438006904
Action,Dwayne Johnson,90000000,962542945
Comedy,Reese Witherspoon,12000000,37270721
Horror,Daniel Kaluuya,4500000,255589157
Animation,Anthony Gonzalez,175000000,807817888
Animation,Alec Baldwin,125000000,527965936
Action,Hugh Jackman,97000000,619179950
Action,Gal Gadot,149000000,822824522
Horror,Michael Fassbender,97000000,240891763
Action,Keanu Reeves,40000000,171547802
Drama,Jacob Tremblay,20000000,306209289
Action,Ben Affleck,300000000,657926987
Drama,Jennifer Lawrence,30000000,44516999
Action,Johnny Depp,230000000,794881442
Adventure,Sally Hawkins,19400000,195333312
Action,Tom Hiddleston,185000000,566652812
Family,Emma Watson,160000000,1264434525
Action,Daisy Ridley,317000000,1332698830
Biography,Margot Robbie,11000000,53939297
Action,Charlize Theron,30000000,100014025
Comedy,Saoirse Ronan,10000000,78966486
Comedy,Channing Tatum,29000000,48453605
Drama,Dakota Johnson,55000000,381545846
Comedy,Jessica Rothe,4800000,125479266
Action,Mark Wahlberg,217000000,605425157
Crime,Robert Pattinson,4500000,3283369
Action,Scarlett Johansson,110000000,169846945
Drama,Scott Shepherd,39000000,35669017
Action,Idris Elba,60000000,113231078
Comedy,Anna Kendrick,45000000,185400345
Action,Dylan O'Brien,33000000,67234188
Drama,Brooklynn Prince,2000000,10971298
Drama,Chris Evans,7000000,43069254
Drama,Vicky Krieps,35000000,47756590
Comedy,Kevin Hart,37500000,125856180
Horror,Anthony LaPaglia,15000000,306515884
Action,Tom Cruise,50000000,134866593
Action,Andy Serkis,150000000,490719763
Action,Gerard Butler,120000000,221600160
Animation,Owen Wilson,175000000,383930656
Comedy,Scarlett Johansson,20000000,47347283
Action,Tom Cruise,125000000,409231607
Action,Michael Peña,25000000,26800152
Animation,John Cena,111000000,296069199
Action,Josh Brolin,38000000,26351322
Drama,Nicole Kidman,10500000,27869129
Biography,Brie Larson,9000000,22088533
Animation,Will Arnett,80000000,311950384
Comedy,Kumail Nanjiani,5000000,56411585
Comedy,Olivia Cooke,6000000,3187255
Biography,James Franco,10000000,29820616
Drama,Meryl Streep,50000000,180419231
Drama,Amandla Stenberg,10000000,61621140
Drama,Casey Affleck,100000,1951683
Action,Dacre Montgomery,100000000,142337240
Biography,Michelle Williams,50000000,56996304
Horror,Joel Edgerton,5000000,19735344
Animation,Steve Carell,80000000,1034800131
Comedy,Michael Caine,25000000,84918541
Drama,Matt Damon,68000000,55003890
Drama,Zoey Deutch,5000000,16373843
Drama,Justin Timberlake,25000000,15889124
Animation,T.J. Miller,50000000,217776646
Drama,Rosario Dawson,12000000,17768012
Adventure,Regina Hall,19000000,140552359
Drama,Gary Oldman,30000000,16080475
Action,Kate Winslet,35000000,62832209
Drama,Sam Elliott,1200000,4101699
Crime,Naomi Watts,10000000,4596705
Comedy,Will Ferrell,69000000,180613824
Adventure,Josh Gad,22000000,205035819
Drama,Sam Worthington,20000000,96942115
Drama,Elliot Page,19000000,45158254
Drama,Matilda Anna Ingrid Lutz,25000000,83080890
Animation,Jackie Chan,70000000,123081555
Comedy,Will Ferrell,40000000,34184504
Crime,John Boyega,34000000,23355100
Biography,Demetrius Shipp Jr.,40000000,55668698
Action,Jamie Foxx,30000000,32917353
Biography,Jake Gyllenhaal,30000000,8503658
Animation,Demi Lovato,60000000,197183546
Action,Amy Schumer,42000000,60845711
Comedy,Ice Cube,22000000,41087017
Biography,Greg Kinnear,15000000,6423605
Animation,Emily Blunt,6500000,60330833
Comedy,Anna Kendrick,5000000,5042014
Comedy,Owen Wilson,25000000,25601244
Action,Halle Berry,21000000,34814102
Animation,Jason Drucker,22000000,40140972
Comedy,Mila Kunis,28000000,130560428
Animation,Kevin Hart,38000000,125427681
Drama,Joey King,12000000,23468586
Biography,Chadwick Boseman,12000000,10116816
Comedy,Brett Dalton,2000000,2308355
Drama,Douglas Smith,7400000,29874280
Drama,Emily Blunt,17000000,350320413
Action,Robert Downey Jr.,321000000,2048359754
Action,Chadwick Boseman,200000000,1347597973
Drama,Toni Collette,10000000,80239658
Action,Jason Momoa,160000000,1148485886
Action,Tye Sheridan,175000000,582893671
Animation,Shameik Moore,90000000,375540831
Action,Tom Cruise,178000000,791657398
Biography,Viggo Mortensen,23000000,321752656
Comedy,Constance Wu,30000000,238539198
Action,Paul Rudd,162000000,622674139
Biography,John David Washington,15000000,93413709
Action,Boyd Holbrook,88000000,160542134
Crime,Matthew McConaughey,29000000,25957482
Action,Alden Ehrenreich,275000000,392924807
Drama,Bella Thorne,2800000,27365467
Crime,Andrew Garfield,8500000,2053469
Action,Gerard Butler,30000000,80509622
Action,Jennifer Lawrence,69000000,151572634
Drama,Lady Gaga,36000000,436188866
Action,Bruce Willis,30000000,49562710
Comedy,Mark Wahlberg,48000000,120556201
Action,Chris Pratt,170000000,1310466296
Comedy,Elsie Fisher,2000000,14347433
Action,Sandra Bullock,70000000,297718711
Action,Jason Statham,130000000,530259473
Action,Benicio Del Toro,35000000,75837743
Drama,Dakota Johnson,55000000,371987838
Crime,Jamie Lee Curtis,10000000,255614941
Animation,Craig T. Nelson,200000000,1244639527
Action,Y'lan Noel,13000000,137056262
Horror,Demián Bichir,22000000,365551694
Action,Denzel Washington,62000000,190400157
Action,Liam Neeson,30000000,119942387
Action,Jason Bateman,37000000,117679066
Action,Jeremy Renner,28000000,78130625
Crime,Amandla Stenberg,23000000,34934009
Crime,Jeff Bridges,32000000,31882724
Crime,Clint Eastwood,50000000,174804407
Action,Taron Egerton,100000000,86493046
Biography,Steve Carell,25000000,16636604
Comedy,Nick Robinson,17000000,66316289
Comedy,Emily Blunt,130000000,349546142
Biography,Christian Bale,60000000,76073488
Animation,Adam Sandler,80000000,528583774
Action,Mark Wahlberg,50000000,66308758
Animation,James Corden,50000000,351496066
Action,Chris Hemsworth,35000000,67450815
Action,Logan Marshall-Green,5000000,16706680
Animation,John C. Reilly,175000000,529323962
Action,Jovan Adepo,38000000,41657844
Action,Hera Hilmar,100000000,83869818
Action,Dylan O'Brien,62000000,288175335
Biography,Ryan Gosling,59000000,105713218
Drama,Michael B. Jordan,50000000,214215889
Action,Dwayne Johnson,120000000,428028233
Comedy,Sunny Suljic,10000000,9303022
Drama,John Cho,880000,75462037
Drama,Oscar Isaac,10000000,7997774
Comedy,Leslie Mann,21000000,94019120
Horror,Christina Hendricks,5000000,31039126
Biography,Oscar Isaac,24000000,17612099
Horror,Joey King,10000000,51738549
Comedy,Diane Keaton,10000000,104438188
Comedy,LaKeith Stanfield,3200000,18170707
Comedy,Will Ferrell,42000000,40466970
Action,Amandla Stenberg,34000000,41142379
Horror,Lucy Hale,3500000,95330710
Action,Kodi Smit-McPhee,51000000,98203196
Comedy,Eugenio Derbez,12000000,91244913
Adventure,Storm Reid,100000000,132675864
Comedy,Melissa McCarthy,30000000,65859911
Comedy,Jack Black,42000000,131523093
Biography,Aldis Hodge,10000000,4376819
Action,Nicole Kidman,9000000,5580940
Horror,Lin Shaye,10000000,167885588
Biography,Melissa McCarthy,10000000,12442161
Drama,Claire Foy,1500000,14293601
Action,Dwayne Johnson,125000000,304868961
Comedy,Alex Roe,3500000,16376066
Biography,Felicity Jones,20000000,38755900
Biography,Paul Rudd,14000000,953953
Action,Odessa Young,7000000,2584988
Horror,Colin Woodell,1000000,16024987
Adventure,Mackenzie Foy,120000000,173961069
Action,Melissa McCarthy,40000000,27506452
Comedy,Charlize Theron,13000000,15636462
Comedy,Kevin Hart,29000000,103105878
Animation,Channing Tatum,80000000,214040103
Horror,Cynthea Mercado,5500000,18160930
Comedy,Jennifer Lopez,16000000,72294066
Comedy,Kyrie Irving,19000000,46664414
Horror,Shay Mitchell,7700000,43016528
Drama,KiKi Layne,12000000,20596567
Biography,Alek Skarlatos,30000000,57076286
Comedy,Johnny Knoxville,19000000,5103663
Comedy,Jay Chandrasekhar,13500000,31626386
Action,Trevor Jackson,16000000,20780685
Biography,J. Michael Finley,7000000,86086881
Action,Myles Truitt,30000000,10313019
Animation,Wendi McLendon-Covey,35000000,93320380
Comedy,Tiffany Haddish,19000000,33705333
Drama,Florence Pugh,9000000,47967636
Comedy,Leonardo DiCaprio,90000000,374565754
Action,Robert Downey Jr.,356000000,2797501328
Drama,Saoirse Ronan,40000000,216601214
Action,Taylor Russell,9000000,155712077
Crime,Joaquin Phoenix,55000000,1074427370
Action,Keanu Reeves,75000000,327281779
Comedy,Daniel Craig,40000000,311539397
Action,Dwayne Johnson,200000000,759056935
Action,Brie Larson,160000000,1128462972
Drama,Josephine Langford,14000000,69756455
Action,Tom Holland,160000000,1131927996
Action,Zachary Levi,100000000,365971656
Drama,Jessica Chastain,79000000,473093228
Drama,Dean-Charles Chapman,95000000,384623579
Action,Daisy Ridley,275000000,1078232589
Action,Matt Damon,97600000,225508210
Biography,Robert De Niro,159000000,968853
Action,Dwayne Johnson,125000000,800059707
Action,Rosa Salazar,170000000,404980543
Horror,Lupita Nyong'o,20000000,255184580
Action,Samara Weaving,6000000,57615777
Action,David Harbour,50000000,55065289
Action,Linda Hamilton,185000000,261119292
Comedy,Kaitlyn Dever,6000000,24959607
Adventure,Isabela Merced,49000000,119682635
Drama,James McAvoy,20000000,246999039
Biography,Taraji P. Henson,10000000,10209813
Animation,Donald Glover,260000000,1670727580
Action,Kyle Chandler,170000000,386600138
Comedy,Constance Wu,20000000,157563598
Animation,Tom Hanks,200000000,1073394593
Action,Woody Harrelson,42000000,122810399
Comedy,Charlize Theron,40000000,53873809
Action,Gerard Butler,40000000,146661977
Action,James McAvoy,200000000,252442974
Animation,Kristen Bell,150000000,1450026933
Drama,Elizabeth Banks,6000000,32893421
Adventure,Zack Gottsagen,6200000,133031473
Adventure,Jacob Tremblay,20000000,111037232
Drama,Haley Lu Richardson,7000000,91527795
Action,Kaya Scodelario,13500000,91542097
Horror,Vera Farmiga,30000000,231252591
Action,Sylvester Stallone,50000000,91490353
Comedy,Emma Thompson,4000000,22386555
Drama,Oakes Fegley,45000000,9932621
Animation,Jay Baruchel,129000000,525683457
Action,Ryan Reynolds,150000000,433921300
Adventure,Angelina Jolie,185000000,491730089
Animation,Patton Oswalt,80000000,430051293
Horror,Linda Cardellini,9000000,123133739
Action,John Goodman,25000000,8808611
Adventure,Zoe Margaret Colletti,25000000,104545505
Thriller,Michael Ealy,8000000,36599361
Comedy,Taraji P. Henson,20000000,72216294
Horror,Jason Clarke,21000000,113118226
Comedy,Jessica Rothe,9000000,64600152
Biography,Jake Schur,8000000,1561698
Adventure,Colin Farrell,170000000,353284621
Comedy,Anne Hathaway,21000000,95017038
Action,Samuel L. Jackson,35000000,21360215
Action,Melissa McCarthy,38000000,15980032
Action,Dave Bautista,16000000,32390945
Comedy,Kevin Costner,18000000,33766787
Comedy,Cate Blanchett,20000000,11025353
Animation,Chloe Bennet,75000000,180314199
Comedy,Rebel Wilson,31000000,48791187
Drama,David Oyelowo,5000000,5288011
Biography,Nicholas Hoult,20000000,9090040
Biography,Marcel Ruiz,14000000,50444358
Comedy,Regina Hall,20000000,49000667
Fantasy,Taylor Schilling,6000000,21150265
Drama,Alex Kendrick,5000000,38026103
Comedy,Tyler Perry,20000000,74747725
Drama,Yara Shahidi,9000000,6750029
Fantasy,Melanie Martinez,5000000,359377
Biography,Ashley Bratcher,6000000,21354152
Drama,Terry Serpico,350000,226421
Action,Sid Haig,1200000,45696
Action,John David Washington,205000000,363656624
Action,Margot Robbie,84500000,201858461
Action,Will Smith,90000000,426505244
Action,Ben Schwartz,85000000,319715683
Adventure,Robert Downey Jr.,175000000,245487753